{"Confusion_matrix": [[35, 49], [19, 107]], "Classification_report": {"0": {"precision": 0.6481481481481481, "recall": 0.4166666666666667, "f1-score": 0.5072463768115942, "support": 84.0}, "1": {"precision": 0.6858974358974359, "recall": 0.8492063492063492, "f1-score": 0.7588652482269503, "support": 126.0}, "accuracy": 0.6761904761904762, "macro avg": {"precision": 0.667022792022792, "recall": 0.6329365079365079, "f1-score": 0.6330558125192722, "support": 210.0}, "weighted avg": {"precision": 0.6707977207977208, "recall": 0.6761904761904762, "f1-score": 0.6582176996608079, "support": 210.0}}}